f.gaehler = Franz Gähler <gaehler@math.uni-bielefeld.de>
f.ruehle = Florian Fahrenberger <0@nospam.com>
g.sutmann = Godehard Sutmann <0@nospam.com>
l.westphal = Lidia Westphal <0@nospam.com>
m.bolten = Matthias Bolten <0@nospam.com>
m.hofmann = Michael Hofmann <0@nospam.com>
m.pippig = Michael Pippig <0@nospam.com>
m.winkel = Matthias Winkel <0@nospam.com>
o.lenz = Olaf Lenz <olenz@icp.uni-stuttgart.de>
r.wildenhues = Ralf Wildenhues <wildenhues@ins.uni-bonn.de>
r.halver = René Halver <0@nospam.com>
i.kabadshow = Ivo Kabadshow <0@nospam.com>
l.arnold = Lukas Arnold <0@nospam.com>
s.banert = Sebastian Banert <0@nospam.com>
f.heber = Frederik Heber <0@nospam.com>
p.sanchez = Pedro Sanchez <0@nospam.com>
j.iseringhausen = Julian Iseringhausen <0@nospam.com>
p.gibbon = Paul Gibbon <0@nospam.com>
d.potts = Daniel Potts <0@nospam.com>
